﻿Project name,Status,Skill Set,Summary,Owner,Dates,Priority,Completion,Blocked By,Parent project,Upvoters,Upvote Project
Improve Optimism Fractal Topics Flow and Meeting Structure,Planning,Event Planning,This project aims to improve the optimism fractal topics flow and meeting structure at Eden Fractal. The current process involves proposing topics and voting for the agenda each week. The project explores potential refinements and considers adding extra time for discussion topics outside of the Respect Game. Options include scheduling another meeting or extending the meeting duration.,,,,,,Improve event structure for Optimism Fractal (Optimism%20Fractal%20Projects%206fb468421d4b49f6adf7615ac7b1a8c2/Improve%20event%20structure%20for%20Optimism%20Fractal%201e2afc98737f4bf58af066788f956622.csv),,
Prepare Foundations for Optimism Fractal Growth,Planning,,This project aims to prepare the foundations for the growth of the Optimism Fractal by organizing and prioritizing essential projects that will enable sustainable growth in the near future. The focus is on establishing a robust framework that supports the various initiatives necessary for the success of the Optimism Fractal.,,,Very High,,,,,
Explore integrations between Lens Protocol and Optimism Fractal,Backlog,,"This project aims to explore integrations between Lens Protocol and Optimism Fractal. The goal is to establish a seamless connection between these two platforms, enabling users to leverage the features and benefits offered by both Lens and Optimism Fractal. The project tasks will focus on identifying and implementing the necessary integration points, ensuring compatibility and smooth functionality between the two systems. The team, led by Dan Singjoy, will work diligently to deliver a successful integration that enhances the overall user experience.",,,,,,,,
Research Account Abstraction Services for Gasless Transactions,Backlog,"Technical Development, Technical Research, User Experience","This project aims to research and develop account abstraction services for gasless transactions. The goal is to improve the user experience and technical development of gasless transactions by implementing efficient and secure methods for handling account abstractions. The project tasks will focus on technical development, technical research, and user experience enhancements to ensure a seamless and user-friendly gasless transaction process.",,,,0.2,,,,
Create Resources for hosts to implement the Respect Game in their communities or organizations,Backlog,"Collaborations, Community Engagement, Community Outreach, Education","This project aims to create resources and documentation for hosts to implement the Respect Game in their communities or organizations. The goal is to provide clear instructions and educational materials to support the successful implementation of the game. The project includes tasks such as creating game instructions, writing a detailed article, and providing a tutorial video. Additionally, there are resources available for running Fractalgram, another activity related to the project. The project is currently in the backlog and was created by Dan Singjoy. The last edit was made on July 25, 2024, by Dan Singjoy.",,,,0.5,,,,
Create Documentation for Optimism Fractal,Planning,"Education, Marketing, Notion, Technical Documentation, User Experience","This project aims to create comprehensive documentation for Optimism Fractal, ensuring it is easily accessible and well-organized. The goal is to facilitate learning about the platform and to feature this documentation prominently on the http://optimismfractal.com/ website. Additionally, the project includes the potential re-organization of related projects into sub-projects to develop various types or chapters of documentation.",,,,,,,,
Consider creating a standard proposal for collaborations with builders and other stakeholders,Backlog,"Business Development, Developer Relations, Marketing","This project aims to create a standard proposal for collaborations with builders and other stakeholders. The project tasks include considering the inclusion of a specific page or parts of it, merging with other similar notes, and exploring the use of AI to summarize the benefits of collaborating with Optimism Fractal. The project is currently in the backlog status and falls under the areas of business development, developer relations, and marketing.",,,,,,,,
Create Welcome Guide for Optimism Fractal,Backlog,"Art, Education, Marketing, Notion","This project aims to create a comprehensive welcome guide for Optimism Fractal, providing users with essential information and instructions to enhance their experience and understanding of the platform.",,,,0.125,,,,
Create tools and processes to track and prioritize projects and tasks for Optimism Fractal,Planning,"Design, Governance Research, Mechanism Design, Systems Design, Technical Development","This project aims to create tools and processes to track and prioritize projects and tasks for Optimism Fractal. It focuses on enabling participants to create tasks, vote on their priority, and utilize a system called Respect to weigh those priorities effectively. Through the development of Respect Trees, the project seeks to enhance decision-making and improve the review process for funding initiatives within the community.",,"May 15, 2024",High,0.07692307692307693,,,,
Improve Documentation for Optimism Fractal Tools,Planning,"Education, Technical Development, Technical Documentation","This project aims to improve documentation for Optimism Fractal tools, making it easier for users to understand and utilize these tools effectively, as well as to participate in the Respect Game.",,,,,,Create Documentation for Optimism Fractal (Optimism%20Fractal%20Projects%206fb468421d4b49f6adf7615ac7b1a8c2/Create%20Documentation%20for%20Optimism%20Fractal%203ddb136554ea454b875ca8ec00d3900d.csv),,
Build software to automate Respect Distribution,Backlog,"EVM Development, Technical Development","This project aims to build software that automates Respect distribution. The goal is to streamline the process of distributing Respect by leveraging the functionality already present in the Fractal App, developed by Vlad on Antelope blockchains. The project team is exploring different approaches to make this work on the EVM, including the possibility of using Hats Protocol and integrating with EAS. The founder has discussed the potential of using attestations in the Green Pill podcast. The project tasks can be found https://www.notion.soTasks.",,,,,,Build Optimism Fractal App (Optimism%20Fractal%20Projects%206fb468421d4b49f6adf7615ac7b1a8c2/Build%20Optimism%20Fractal%20App%206d7693f1bbc6437d85a0ac991a8416f1.csv),,
"Optimize Optimism Fractal Web App, Fractalgram, and Fix Errors",In progress,"EVM Development, Front-end Development, Technical Development","The project aims to optimize the Fractalgram web app and fix errors, as well as develop a new app for a simpler user experience. More details can be found at http://optimystics.io/fractalgram and http://optimystics.io/tools.",,,,0.16666666666666666,,,,
Develop Optimism Fractal’s Consensus Processes,Planning,"EVM Development, Governance Research, Ideation, Systems Design, Technical Development","This project aims to develop Optimism Fractal's consensus processes. The project involves various types of work, including EVM development, governance research, ideation, systems design, and technical development. The goal is to refine the current consensus process of Optimism Fractal. More details will be added to the project soon. The project tasks include adding resources and completing specific subtasks.",,,,0.32142857142857145,,,,
Explore Integrations of Quests with the Respect Game,Planning,"Community Engagement, Exploration, Ideation, Systems Design","This project aims to explore the integration of Quests with the Respect Game, focusing on how these elements can facilitate short-term objectives for specific projects, tasks, or goals. It involves community engagement and collaboration, allowing groups to coordinate their efforts effectively while utilizing Respect scores to reward contributions from group members.",,,,,,,,
Improve Visibility for Optimism Fractal Respect,Planning,"EVM Development, Front-end Development, Technical Development, Technical Documentation",This project aims to improve the visibility of Respect for Optimism Fractal and other communities that implement the Respect Game. It includes an intro video showcasing onchain interactions in a block explorer and visual NFT explorers. The project also features two updates from Tadas and a list of related project tasks with more details.,,,,0.11764705882352941,,,,
Formalize and Request Leads in Optimism Fractal,Planning,"Community Engagement, Ideation, Systems Design","This project aims to formalize and request leads in Optimism Fractal, establishing a structured approach to manage breakout rooms effectively. The initiative focuses on recruiting knowledgeable leads who can facilitate discussions, administer the Fractalgram system, and enhance the overall experience for participants. The project will detail the responsibilities, requirements, and benefits associated with being a lead.",,,,0.1111111111111111,,,,
"Integrate with Hats Protocol ",Planning,"EVM Development, Front-end Development, Technical Development","This project aims to explore and create integrations between Hats Protocol and the Optimism Fractal community. It focuses on leveraging Hats Protocol as a coordination tool for decentralized collaboration, discussing its potential applications, and facilitating synergies through various tasks and public discussions. The project is currently in the planning phase and is a work in progress, with updates expected soon.",,,,0.18461538461538463,,,,
Create RetroPGF UI to sort applicants by Respect,Backlog,"Front-end Development, Technical Development","This project aims to create a user interface for RetroPGF that sorts applicants by Respect. The interface will potentially utilize open-source code from Agora or West to enhance the RetroPGF review process and support project selection by community members. By enabling participants to vote with Respect directly through the UI, the project seeks to improve engagement and streamline the selection of projects within the RetroPGF framework.",,,,,,Integrate Optimism Fractal and the Respect Game with RetroFunding (Optimism%20Fractal%20Projects%206fb468421d4b49f6adf7615ac7b1a8c2/Integrate%20Optimism%20Fractal%20and%20the%20Respect%20Game%20wi%207eb4300be4ac4b1395c5d73510d520bb.csv),,
Explore and Create Integrations with Ethereum Attestation Service (EAS),Planning,"EVM Development, Front-end Development, Systems Design, Technical Development","This project aims to explore and create integrations with the Ethereum Attestation Service (EAS) to enhance the composability and utility of the Respect game. By developing a schema for Respect Games and leveraging the capabilities of EAS, the project seeks to foster synergies with Optimism Fractal, ultimately contributing to a more interconnected and secure public goods infrastructure. The focus includes EVM development, front-end development, systems design, and technical development, with the goal of improving interoperability within the community.",,,,,,,,
Improve Promotions for Optimism Fractal,In progress,"Art, Community Engagement, Design, Event Planning, Ideation, Marketing, User Experience","This project aims to improve promotions for Optimism Fractal videos and events. The team at Optimystics is working on various exciting projects to share onchain media, increase the frequency of promotions, and establish relationships with others to expand the reach of Optimism Fractal. If anyone is interested in contributing to this effort or has ideas to promote Optimism Fractal, please feel free to reach out.",,,,0.2222222222222222,,,,
Improve Optimism Fractal Feedback and Collaborations Page,Backlog,"Community Engagement, Marketing, Notion","This project aims to improve the Optimism Fractal Feedback and Collaborations page. The page was created to curate feedback about Optimism Fractal and the Respect Game, but it currently needs work and organization. The goal is to clean up the page and make it more presentable, with the possibility of featuring it on a testimonials page to promote Optimism Fractal. The project tasks are outlined in the Tasks section.",,,,,,,,
Improve Optimism Fractal Notion Site,Planning,"Administrative, Ideation, Notion, Systems Design","This project aims to improve the Optimism Fractal Notion site. The focus is on administrative tasks, ideation, Notion, and systems design. The project is still in the planning stage and will be organized better in the future.

Some key points discussed for the improvement of the Notion homepage include refreshing the introduction with more details about the different categories like resources, projects, and hubs, as well as highlighting funding opportunities. It is also suggested to update the hubs with views similar to the main projects and explore better organization of projects, tasks, and topics in the resources database.

One proposed improvement is to move the Notion site under the http://optimismfractal.com/ site hierarchy to enable easier linking between the two sites. This would provide a nicer view of pages and create seamless contribution opportunities to both the live site and Notion. Additionally, related projects and tasks are mentioned, with links to relevant databases and task lists.

Overall, this project aims to enhance the Optimism Fractal Notion site by improving its structure, content, and connectivity with the main website.",,,,0.16666666666666666,,,,
Curate Funding Opportunities and Create Educational Content to help Optimism Fractal community members earn funding,In progress,"Community Engagement, Education, Exploration, Funding","This project aims to curate funding opportunities and create educational content for the Optimism Fractal community. It involves creating a webpage and documentation to showcase how Optimism Fractal can help teams and individuals earn RetroFunding and other types of funding sources. The project is focused on providing detailed information on different funding opportunities available, including the role of options and practices in earning retro-funding. The goal is to demonstrate how contributing to the Optimism Fractal, Collective, and Superchain can help people earn funding. The project is currently in progress and is part of the community engagement, education, exploration, and funding efforts of the Optimism Fractal community.",,,,0.30434782608695654,,,,
"Test Coordinape and Explore Synergies/Integrations ",Backlog,"Ideation, Testing","This project aims to test and explore the synergies and integrations of Coordinape, a platform for fair resource distribution in DAOs. It provides links to learn more about Coordinape, suggestions from Peth, a comparison with the Respect Game, and resources on how to get started. The project is still a work in progress and welcomes contributions.",,,,,,,,
Create System for Recording and Publishing videos of breakout groups,Planning,"Design, Education, Ideation, Notion, Video Production","This project aims to create a system for recording and publishing videos of breakout groups. It focuses on ensuring that all breakout rooms are recorded and shared, making it easy to access videos and notes about each person's contributions. The project explores questions such as who will record the breakout rooms, where and how the videos will be published, and what the long-term plan is. The project is still in its early stages and open for edits and additions.",,,,,,,,
Create Optimism Fractal Vision,In progress,"Community Engagement, Ideation",This project aims to create an Optimism Fractal Vision through community engagement and ideation. The tasks include reviewing and refining visions.,,,,,,,,
Explore and Create Integrations between Farcaster and Optimism Fractal,Planning,"Ideation, Technical Development","This project aims to explore and create integrations between Farcaster and Optimism Fractal. It focuses on reviewing content, proposing awards, and submitting consensus with Farcaster. Additionally, the project involves querying data on the Farcaster network, calculating engagement scores, and addressing challenges related to data collection and analysis. Key considerations include the structure of Farcaster's data, API limitations, data completeness, privacy, and ethics.",,,,,,,,
"Improve Optimism Fractal FAQ ",In progress,"Education, Notion, User Experience","This project aims to improve the database for frequently asked questions about Optimism Fractal. The goal is to enhance the user experience and provide a comprehensive resource for users seeking information about Optimism Fractal. The project tasks include tasks such as refining the formatting of the database, exploring different formatting options like a gallery view with small cards, and ensuring that the database is organized and easily accessible. The project is currently in progress and is being led by Dan Singjoy.",,,,,,,,
Improve notification and provenance system for optimism fractal notion site via discord,Planning,"API Integrations, Design, Notion","This project aims to improve the notification and provenance system for the Optimism Fractal Notion site via Discord. The goal is to automate notifications to the Optimism Fractal Discord whenever updates are made on the Notion site. Additionally, the project seeks to enhance the customizability and legibility of notifications when changes occur in Notion.

Tasks include considering merging or linking with other related ideas, exploring the use of Notion automations for this purpose, and organizing the project into tasks or pages. The project also involves connecting Notion with Slack, Discord, and Telegram through integrations and APIs, allowing for automated messages or notifications based on updates in Notion. The complexity and time required for these integrations can vary, but they generally don't require extensive programming skills.

It's worth noting that while the native integration of Notion with Slack offers a smoother experience, integrating Notion with Discord and Telegram through Zapier provides flexibility and customization options. When managing multiple workspaces in Notion, limitations arise in terms of search functionality and linking across workspaces. However, strategic workspace organization and the use of third-party tools or workarounds can help mitigate these challenges to some extent.

Overall, this project aims to streamline communication and enhance collaboration by automating notifications and integrating Notion with various communication platforms.",,,,0.16666666666666666,,,,
"Integrate Embedded Wallet and/or Smart Wallet Solutions like Privy, Alchemy, Coinbase Smart Wallet, Third Web, or Magic into the Optimism Fractal / Respect Game Web Apps",In progress,"Front-end Development, Technical Development","This project aims to integrate embedded wallets and/or Smart Wallets, such as Privy, Alchemy, Coinbase Smart Wallet, Third Web, or Magic, into the Optimism Fractal / Respect Game Web Apps. The goal is to provide a streamlined and user-friendly experience for users to interact with blockchain technologies, sign transactions, and manage their digital assets within the app itself. The project is currently in progress and is being led by Vlad, with a focus on front-end development and technical development. The project was created by Dan Singjoy and emphasizes the importance of a very intuitive user experience. The project explores Privy as the primary embedded wallet solution but also considers other alternatives like Magic.link. The tasks and resources for Privy and alternative solutions are being reviewed and organized. Overall, this project aims to make it easier for communities and organizations to enjoy the benefits of the fractal cooperation through seamless integration of embedded wallets.",Vlad,,,0.04,,,,
Integrate Optimism Fractal notion page with Notion API and Pipedream,In progress,"API Integrations, Notion, Technical Development","Integrating the Optimism Fractal notion page with the Notion API and Pipedream can enhance efficiency and productivity by automating tasks, integrating external data, and managing notifications. The Notion API enables automated content updates and custom notifications, while Pipe Dream allows for automated workflows and event-driven notifications. These tools provide granular control over information distribution and improve the community experience. This project is a work in progress with related tasks.",,,,0.058823529411764705,,,Abraham Becker,
Improve event structure for Optimism Fractal,Planning,"Design, Event Planning, Ideation, Systems Design","This project aims to improve the event structure for Optimism Fractal. The focus is on design, event planning, ideation, and systems design. The project was created by Dan Singjoy and is currently in the planning stage. The goal is to enhance the organization and execution of events related to Optimism Fractal. The project was last edited on April 1, 2024, by Dan Singjoy.",,,,,,,,
Consider improvements to Respect issuance curve,Paused,"Design, Governance Research, Mechanism Design, Systems Design",This document discusses potential improvements to the issuance curve of Respect in Optimism Fractal. It suggests considering an exponential inflationary decay system and outlines the rationale for the current 5-55 distribution of Respect based on the Fibonacci sequence. The document also mentions the possibility of using a novel issuance curve in the future.,,,,,,,,
Create a referral or recruitment system for Optimism Fractal,Planning,"Design, Ideation, Marketing","This project aims to create a referral or recruitment system for Optimism Fractal and other communities that engage in the Respect Game. The initiative seeks to incentivize community engagement by rewarding individuals who invite new members with Respect tokens. The project will involve exploring various tasks and ideas related to the design and implementation of this referral system, ensuring it promotes active participation while maintaining the integrity of the existing Respect Game framework.",,,,,,,,
Improve optimism fractal discord,Backlog,"Community Engagement, Discord, Marketing","This project aims to improve the engagement and marketing of the optimism fractal discord community. The tasks include creating a welcoming onboarding flow, setting up categories and channels with welcoming intros, and exploring integrations with Snapshot and Respect. The goal is to enhance the overall user experience and foster a sense of community within the discord platform.",,,,0.14285714285714285,,,,
Consider different size rooms for Respect Games,Paused,"Governance Research, Mechanism Design, Systems Design","Consider different size rooms for Respect Games, with 6 participants generally being best for lively conversation and consensus. However, 4 or 5 participants can also work well. A/B testing and participant feedback can help determine the preferred room size.",,,,,,Consider Optimizations and Alternate Game Modes for the Respect Game (Optimism%20Fractal%20Projects%206fb468421d4b49f6adf7615ac7b1a8c2/Consider%20Optimizations%20and%20Alternate%20Game%20Modes%20fo%201c8dd4c39a444460bebd195379333343.csv),,
Consider using POAPs at Optimism Fractal events,Backlog,"Community Engagement, Marketing","This project aims to implement Proof of Attendance Protocols (POAPs) at Optimism Fractal events. The goal is to commemorate collaboration and transform contributions into lifelong memories while proving attendance in an optimistic, decentralized reputation system. The project involves discussing the use of separate tokens for invitees, exploring temporary use of POAPs for tracking invitations, and technical considerations of the respect token, which is an ERC-20 and ERC-721. The project also includes a proposal for registration and council participation, as well as exploring the visual appeal and functionality of POAPs. The respect token is designed to be retroactive, allowing the community's opinion to change through consensus.",,,,,,,,
"Create template to prepare for each Optimism Fractal and Town Hall events ",Backlog,"Administrative, Event Planning, Logistics","This project aims to create a template for preparing for each Optimism Fractal and Town Hall event. The template will include tasks such as reviewing a checklist, preparing an intro presentation with relevant links, and preparing for breakout rooms. By developing and hosting these templates on the public Notion site, it will streamline event preparation, save time and mental energy, and ensure consistency across events. The project also involves designing and creating templates for each event type, incorporating tasks and checklists into the templates, and uploading them to the public Notion site.",,,,0.12,,,,
Explore collaborations with the ZAO Music Community,Backlog,,This project aims to explore collaborations with the ZAO Music Community. It was created by Dan Singjoy with the goal of establishing partnerships and fostering creative connections within the music community. The project is currently in the backlog and is awaiting further action. The tasks and ZAO CHART are available for reference and tracking progress.,,,,0.5,,,,
Build Optimism Fractal Social Media App + Integrations,Planning,,"This project aims to build a social media app called ""Optimism Fractal"" and integrate it with various platforms. The main goals of this project are to develop the necessary processes and integrations to create a purposeful social media experience. The app will be enhanced by practicing the ""respect game"" and implementing fractal governance at weekly events. By utilizing fractal consensus processes, the project aims to significantly improve the social media landscape. The tasks related to this project include developing the app, integrating it with platforms like farcaster.xyz and lens.xyz, and pioneering a new social media experience.",,,,0.10526315789473684,,,,
Interact with Optimism Fractal community on social media,Backlog,,"This project aims to interact with the Optimism Fractal community on social media. It is currently in the backlog and was created by Dan Singjoy. The project involves engaging with the community, sharing updates, and fostering communication through various social media platforms.",,,,1,,,,
Engage and build relationships with leaders in fractal communities,Backlog,,"This project aims to engage and build relationships with leaders in fractal communities. The goal is to establish connections and foster collaboration within these communities. It involves reaching out to key individuals, participating in community events, and sharing knowledge and resources. By actively engaging with leaders, the project aims to create a network of support and enhance the growth and development of fractal communities.",,,,0.5,,,,
Create Auxiliary Respect Tokens for Optimism Collective (ie OPC),Planning,"Community Engagement, Design, Governance Research, Ideation, Mechanism Design, Systems Design, Technical Development","This project aims to create Auxiliary Respect Tokens for the Optimism Collective (OPC) to enhance community engagement and participation. By allowing stakeholders such as citizens, delegates, and public goods creators to vote in Cagendas games without needing to participate in the Respect Game, the initiative seeks to empower community members to influence discussions, propose ideas, and shape governance decisions. The OPC Auxiliary Token will be integrated into the Cagendas games at the Optimism Town Hall, fostering a more democratic environment within the community.",,,,,,,,
Explore collaboration opportunities and build relationships,Backlog,"Community Engagement, Exploration, Ideation, Marketing","This project aims to explore collaboration opportunities and build relationships. It involves tasks related to community engagement, exploration, ideation, and marketing. The goal is to establish connections and foster partnerships to support the project's objectives.",,,,1,,,,
Explore Integrations with Optimism Fractal and The Graph,Backlog,"API Integrations, EVM Development, Front-end Development, Ideation, Technical Development, Technical Research","This project aims to explore integrations with Optimism Fractal and The Graph. It involves API integrations, EVM development, front-end development, ideation, technical development, and technical research. The project is currently in the backlog and was created by Dan Singjoy. The last edit was made by Dan Singjoy on May 9, 2024 at 8:27 AM.",,,,,,,,
Build with Base,Planning,"Art, Business Development, Community Engagement, Education, Ideation, Marketing","This project aims to build a global onchain economy through the Base platform, enhancing innovation, creativity, and freedom within the Optimism ecosystem. By integrating the Optimism Fractal community with Base, the initiative will focus on educational workshops, hackathons, collaborative projects, and governance participation to foster community-driven innovation and active engagement. The project will be rolled out in phases, emphasizing awareness, development, and extensive feedback implementation to maximize community impact and contribute to the growth of Optimism with Base.",,,,0.1951219512195122,,,,
Enhance Optimism Token House governance with Optimism Fractal,Backlog,"Community Engagement, Ideation, Mechanism Design, Systems Design","This project aims to enhance Optimism Token House governance with Optimism Fractal. It is currently in the backlog and involves community engagement, ideation, mechanism design, and systems design. The project was created by Dan Singjoy and last edited by Dan Singjoy on May 9, 2024, at 7:47 AM.",,,,,,,,
"Consider Developing Product and Service Offerings ",Backlog,"Design, Ideation, Marketing, User Experience","This project aims to consider developing product and service offerings. The project is currently in the backlog and involves various types of work such as design, ideation, marketing, and user experience. The project was created by Dan Singjoy on May 5, 2024, and last edited by Dan Singjoy on May 9, 2024.",,,,,,,,
Develop Systems for Fractal Communities to Collaborate and Interact with Each Other,Backlog,"Governance Research, Ideation, Mechanism Design","This document outlines the development of systems for fractal communities to collaborate and interact with each other. The work includes governance research, ideation, and mechanism design. The document was created by Dan Singjoy and is currently in the backlog.",,,,0.16666666666666666,,,,
Implement contributor funding in the Optimism Collective,Backlog,"Community Engagement, Funding, Ideation","This project aims to implement a contributor funding mechanism within the Optimism Collective, focusing on enhancing community engagement and ideation while securing the necessary funding to support contributors.",,,,,,,,
Create roles and organizational structure for Optimism Fractal,Backlog,"Community Engagement, Governance Research, Ideation, Mechanism Design, Systems Design, Technical Development, User Experience","This project aims to create roles and establish an organizational structure for Optimism Fractal. The project involves various types of work, including community engagement, governance research, ideation, mechanism design, systems design, technical development, and user experience. The project tasks and raid details can be found in the provided links.",,,,,,,,
Explore integrations with Roles and Reputations System (from Jacob Homanics with ATX DAO),In progress,"EVM Development, Front-end Development, Ideation, Mechanism Design, Systems Design, Technical Development, Technical Research","This project aims to explore the integration of Roles and Reputations into Optimism Fractal with the goal of enhancing the utility and visual interfaces for Respect, role allocation, and user engagement through an automated system based on accrued Respect. The Roles and Reputations framework is designed to manage and assign roles based on decentralized and transparent reputation systems. By utilizing a Multi Token ERC-1155 Collection, it records interactions and contributions within communities, allowing for the allocation of reputation and role-specific permissions. This integration has the potential to significantly enhance community engagement and promote a merit-based governance structure within Optimism Fractal. The project encompasses various tasks, including EVM development, front-end development, ideation, mechanism design, systems design, technical development, and technical research. The goal is to scope and implement the best opportunities for integrating Roles and Reputations into Optimism Fractal, providing a flexible and gaming-inspired front-end interface for community management.",,,,0.07692307692307693,,,,
Explore and consider integrating structured systems for collaborative project development,Backlog,"Design, Ideation",This project aims to explore and consider integrating structured systems to enhance collaborative project development. The focus is on improving design and ideation processes within teams to foster better collaboration and project outcomes.,,,,,,,,
Plan Optimism Fractal Season 5,Backlog,,"This project aims to optimize and improve the Fractal Season 5 plan. It is currently in the backlog and was created by Dan Singjoy on May 2, 2024. The project is being managed by Dan Singjoy and the last edit was made on the same day.",,,,,,,,
Plan Optimism Fractal Season 6,Backlog,,"This project aims to optimize and improve the Fractal Season 6 plan. It is currently in the backlog and was created by Dan Singjoy. The project was last edited by Dan Singjoy on May 2, 2024, at 8:32 AM. The specific tasks and details of the project are yet to be provided.",,,,,,,,
Submit Respect and Respect Votes as Impact Metrics for Open Source Observer(OSO),Backlog,"Administrative, Governance Research, Mechanism Design, Technical Development, Technical Research","This project aims to submit Respect and Respect Votes as impact metrics for the Open Source Observer (OSO). It focuses on the administrative and technical aspects involved in establishing these metrics, emphasizing the importance of governance research and mechanism design in the process.",,,,0.1111111111111111,,,,
Plan Optimism Fractal Season 4,Backlog,"Event Planning, Ideation, Systems Design","This project aims to prepare the Optimism Fractal community for a successful Season 4 by focusing on event planning, ideation, and systems design. The preparations include discussions on expanding the fractal decision-making process and exploring growth strategies, ensuring that the community is aligned and ready for the upcoming challenges and opportunities.",,,,0.3,,,,
"Research JokeRace for Cagendas and OPTOPICS ",Backlog,,"This project aims to conduct research on Cagendas and OPTOPICS through the JokeRace platform. The project is currently in the backlog and was created by Dan Singjoy. The goal of the project is to gather information and insights related to these topics. The project was last edited on June 3, 2024, by Dan Singjoy. For more information, you can listen to the JokeRace audio.",,,,0.1111111111111111,,,,
"Integrate, habituate, and curate educational resources about arc browser for presentations",Backlog,"Community Tools, Education","This project aims to integrate, habituate, and curate educational resources about Arc Browser for presentations. The project includes tasks such as starting to use AI Arc Max features to save time and make presentations more engaging, utilizing Arc Spaces for research and sharing research via spaces on Notion, reviewing Arc Live Folders as convenient sidebar apps, and exploring PACE Capital, the lead investors in The Browser Company.",,,,,,,,
Explore opportunities to collaborate with Mode Network,Backlog,"Collaborations, Community Outreach, Marketing","This project aims to explore opportunities for collaboration with Mode Network. The project focuses on collaborations, community outreach, and marketing efforts. The goal is to identify potential areas of partnership and develop strategies to engage with the Mode Network community. The project was created by Dan Singjoy and is currently in the backlog. The last edit was made by Dan Singjoy on June 4, 2024, at 12:08 PM.",,,,,,,,
Create Optimism Fractal Listening List,Backlog,,"This project aims to create an Optimism Fractal Listening List. The project is currently in the backlog and was created by Dan Singjoy on May 16, 2024. The project summary and specific tasks are not provided in the document, so further details are needed to provide a more specific summary.",,,,,,,,
Promote OTH 1,Paused,,"This project aims to promote the upcoming Optimism Town Hall (OTH) event by defining a comprehensive promotional strategy. It involves gathering information about the OTH, including its purpose and benefits, and organizing discussions on relevant topics through community engagement. The project includes writing blog posts, proposing topics for discussion, and facilitating a voting process to determine the agenda for each weekly event. The goal is to create a collaborative space for structured discussions that positively impact the governance of the Optimism Collective.",,,,,,,,
Plan Optimism Fractal Season 3,In progress,"Community Engagement, Event Planning, Ideation, Systems Design, User Experience","This project aims to plan and launch Season 3 of Optimism Fractal. The main objectives include launching the Optimism Town Hall, implementing Cagendas, and positioning Optimism Fractal to help lead Optimism Collective governance. The plan also involves organizing and reading reviews of RetroFunding design and shaping future rounds. The tasks below aim to summarize the research and facilitate discussions, engagement, and decision-making within the Optimism Fractal community and the Optimism Collective.",,,,0.1951219512195122,,,,
"Explore and consider integrating with Intersubjective, Pluralistic Measurement Systems (such as SourceCred, PlaceCred, Praise and Armitage)",Backlog,"Design, Evaluation, Governance Research, Ideation, Measurement, Mechanism Design, Systems Design, Technical Development","This project aims to explore and consider integrating with Intersubjective, Pluralistic Measurement Systems, such as SourceCred, PlaceCred, Praise, and Armitage. It involves evaluating various measurement mechanisms and their design to enhance governance and improve systems of measurement. The project also includes tasks related to adding resources and timestamps for presentations, as well as researching PlaceCred and exploring collaborations with relevant communities.",,,,,,,,
Create different kinds of consensus games for seasonal celebrations,Backlog,,"This project aims to create different kinds of consensus games for seasonal celebrations. These games will be designed to encourage collaboration and decision-making among participants. The project is currently in the backlog and was created by Dan Singjoy on April 18, 2024. The last edit was also made by Dan Singjoy on the same day.",,,,0.75,,,,
Build Scoreboard for Respect,Backlog,"API Integrations, CSS Development, EVM Development, Front-end Development, HTML Development, Technical Development","This project aims to build a scoreboard for Respect. The scoreboard should be intuitive and easy to read, with filtering and social media-like profile views. It may utilize The Graph for certain purposes. The tasks for this project can be found https://www.notion.soTasks.",,,,0.16666666666666666,,,,
Build Optimism Fractal App,Planning,"API Integrations, CSS Development, EVM Development, Front-end Development, HTML Development, Mechanism Design, Systems Design, Technical Development, Technical Research","This project aims to build the Optimism Fractal App, a comprehensive application for communities and organizations to coordinate their operation with the Respect Game at weekly events. It includes governance features such as voting, forming councils, and social media networks for community interaction. The app will utilize a community token (OPF) to facilitate coordination and decision-making. The project involves API integrations, CSS development, EVM development, front-end development, HTML development, mechanism design, systems design, technical development, and technical research. The project is in the planning stage and is being led by Dan Singjoy. The next steps include creating sub-projects for various related projects and testing the feasibility of assigning multiple parent projects. The aim is to foster a collaborative community-driven approach to the development of Optimism Fractal.

Tasks:
- Create sub-projects with various related projects, like ENS and Roles and Reputations and Hats Protocol integrations
- Test if it's possible to assign multiple parent projects. If not, assign all sub-projects to the Fractal App as the main project, with the Respect Game project as an offshoot with fewer sub-projects.",,,,0.11428571428571428,,,,
Improve Optimism Fractal Social Media Presence,In progress,"Community Engagement, Ideation, Marketing",No content,,,,,,,,
Build Optimism Fractal Development Hub and Create Educational Resources for Builders,Backlog,"Community Engagement, Education, Ideation, Marketing, Notion, Technical Documentation","This project aims to build the Optimism Fractal Development Hub and create educational resources for builders. The development hub will serve as a comprehensive platform tailored for Optimism Fractal development, enabling builders and developers in the web3 space to access essential tools, resources, and support. The initiative is community-driven and encourages collaboration, with opportunities for contributors to earn RetroFunding and engage actively in the development process.",,,,,,,,
"Explore Concepts of Sovereign Tokens, Intersubjective Consensus, ICP, and Firmament",Backlog,"Governance Research, Mechanism Design, Systems Design",No content,,,,,,,,
"Improve Luma Event Page, Newsletter, and email marketing",Backlog,"Administrative, Community Engagement, Event Planning, Marketing","This project aims to improve the Luma Event Page, Newsletter, and email marketing. The project includes various tasks such as organizing the project into tasks, merging and optimizing Luma email messaging, creating a ""Thanks for Joining"" email, and improving EventBrite emails. The project also involves exploring topics suggestions, starting a ""Starting in 1 hour"" email, considering a substack, editing the host bio, and creating automated email follow-ups. Additionally, the project involves utilizing the Luma Invite feature and enhancing the scheduled emails. The goal of this project is to enhance the overall user experience and engagement with Luma through improved event communications and email marketing strategies.",Rosmari,,,,,,,
Create ways for community members to vote with Respect,Backlog,"Front-end Development, Governance Research, Technical Development","This project aims to create ways for community members to vote with respect. The goal is to develop a system or platform that allows community members to engage in respectful voting processes. The project tasks will involve front-end development, governance research, and technical development. The project was created by Dan Singjoy and is currently in the backlog status.",,,,0.12,,,,
Create ways for community members to use Respect,Backlog,"Ideation, User Experience","This project aims to create ways for community members to use Respect. The project is currently in the backlog and falls under the scope of ideation and user experience. It was created by Dan Singjoy on May 1, 2024, and last edited by him on May 9, 2024.

The project tasks are listed in the Tasks section. Please refer to the tasks for a detailed breakdown of the specific actions and goals of this project.",,,,,,,,
Consider pioneering Impact Juries for the Optimism Collective,Backlog,"Community Engagement, Governance Research, Systems Design","This project aims to pioneer Impact Juries for the Optimism Collective, focusing on enhancing community engagement and governance through innovative systems design. The project will involve various tasks aimed at exploring and implementing effective methods for collective decision-making.",,,,,,,,
Create Optimism Fractal Promotional Strategy,Backlog,"Community Engagement, Community Outreach, Ideation, Marketing, Strategy","This project aims to create a promotional strategy for the Optimism Fractal initiative. The strategy will involve community engagement, community outreach, ideation, marketing, and overall strategy development. The project is currently in the backlog and is owned by Dan Singjoy. The goal is to merge some aspects of Optimystics' promotional strategy into this project. The tasks are yet to be specified and are marked with checkboxes. The project was created on April 29, 2024, at 6:25 PM, and was last edited on June 4, 2024, at 12:12 PM by Dan Singjoy.",Dan Singjoy,,,0.05,,,,
Improve Punctuality and Introductory Presentation,Backlog,Event Planning,"This document outlines steps to improve punctuality and the introductory presentation for an event. Actions include creating a project, timing intro presentations, joining Zoom rooms early, announcing the schedule, and considering an introductory video clip. The decision to start the presentation at 17:05 UTC is explained, along with reflections from a previous event and plans to improve the intro for Eden Fractal.",,,,,,Improve event structure for Optimism Fractal (Optimism%20Fractal%20Projects%206fb468421d4b49f6adf7615ac7b1a8c2/Improve%20event%20structure%20for%20Optimism%20Fractal%201e2afc98737f4bf58af066788f956622.csv),,
Create and Execute Promotional Strategy for Optimism Town Hall,In progress,"Art, Ideation, Marketing, Strategy","This project aims to create and execute a promotional strategy for the Optimism Town Hall event. It involves tasks related to art, ideation, marketing, and strategy. The main objective is to effectively promote the Optimism Town Hall event by utilizing various channels and platforms, such as the Optimism Governance Forum, Paragraph, and Farcaster. The project emphasizes the importance of engaging the community and generating interest in the event. The tasks for this project are currently in progress, and the project is being managed by Dan Singjoy.",,,,0.045454545454545456,,Develop Optimism Town Hall (Optimism%20Fractal%20Projects%206fb468421d4b49f6adf7615ac7b1a8c2/Develop%20Optimism%20Town%20Hall%201c4442c3bbbb4b9bb506b92a6fc9cd8a.csv),,
Build Respect Game app,In progress,"CSS Development, Front-end Development, HTML Development, Mechanism Design, Product Development, Technical Development, Technical Research, User Experience","This project aims to develop the Respect Game app, a streamlined gaming application that facilitates easy and enjoyable participation in the Respect Game. The app is designed to allow players to engage with one another at any time, regardless of their existing community connections. It seeks to enhance user experience by offering fun variations of the game and enabling players to issue their own Respect. Additionally, the project is exploring the need for a companion Fractal app, aimed at supporting governance and decision-making processes within communities. The development is focused on fostering a collaborative, community-driven approach, encouraging contributions from a wide audience.",,,,0.08333333333333333,,,,
Research Community Limit Size,Paused,"Design, Ideation, Systems Design","This project aims to determine the optimal size for fractal communities, based on recommendations from a book and whitepaper. The suggested range is no more than 7,776 or 10,000 participants per community.",,,,,,Consider Optimizations and Alternate Game Modes for the Respect Game (Optimism%20Fractal%20Projects%206fb468421d4b49f6adf7615ac7b1a8c2/Consider%20Optimizations%20and%20Alternate%20Game%20Modes%20fo%201c8dd4c39a444460bebd195379333343.csv),,
Create Notion API integration that allows upvoting with Respect,Planning,"API Integrations, Notion","This project aims to create a Notion API integration that allows upvoting with respect, which can help prioritize projects and evaluate impact. It involves implementing certain tools and can be helpful for several other projects as well.",,,,0.1,,,,
"Consider Implementing Robert’s Rules, Participant Agreement, Code of Conduct, and Dispute Resolution Process",Backlog,"Community Engagement, Education, Governance Research","This project aims to consider the implementation of Robert’s Rules, establish a participant agreement, create a code of conduct, and develop a dispute resolution process. It involves evaluating whether these components should be divided into multiple projects or tasks to enhance community engagement and governance.",,,,,,,,
Develop Cagendas at Optimism Town Hall,Planning,"Community Engagement, Design, Event Planning, Ideation, Mechanism Design, Systems Design","This project aims to develop Cagendas at Optimism Town Hall to enhance community engagement and facilitate collaborative agenda setting within the Optimism Fractal community. By creating a structured platform for proposing, discussing, and voting on topics, Cagendas seeks to empower community members to prioritize discussions that matter most to them, thereby fostering collective decision-making and ensuring meaningful participation during weekly events.",,,,0.16666666666666666,,Develop Optimism Town Hall (Optimism%20Fractal%20Projects%206fb468421d4b49f6adf7615ac7b1a8c2/Develop%20Optimism%20Town%20Hall%201c4442c3bbbb4b9bb506b92a6fc9cd8a.csv),,
Explore deeper integrations between Snapshot and Optimism Fractal,Planning,"API Integrations, Ideation, Technical Development","This project aims to explore deeper integrations between Snapshot and Optimism Fractal by focusing on API integrations, ideation, and technical development. The project encompasses organizing tasks into subtasks according to their status to ensure efficient progress and implementation.",,,,0.08333333333333333,,,,
Explore deeper integrations between Optimism Fractal and Discord,Planning,"API Integrations, Discord, Ideation, Technical Development","This project aims to explore deeper integrations between Optimism Fractal and Discord. The goal is to enhance the integration between these two platforms, focusing on API integrations, Discord, ideation, and technical development. The project was created by Dan Singjoy and is currently in the planning stage. The project tasks can be found in the Tasks section.",,,,0.125,,,,
Improve http://OptimismFractal.com Website (and Create Educational Resources),In progress,"CSS Development, Community Engagement, Education, Front-end Development, HTML Development, Ideation, Marketing, Notion",This project aims to improve the http://optimismfractal.com/ website and create educational resources to enhance community engagement and understanding of Optimism Fractal. It focuses on optimizing the web design for better mobile usability and developing a collaborative approach to generate educational content that attracts contributors and facilitates learning about the platform.,,,High,0.10256410256410256,,,,
Create Educational and Community Resources for the Optimism Collective and Optimism Fractal,In progress,"Administrative, Community Engagement, Education, Exploration, Marketing, Notion","This project aims to create educational and community resources for the Optimism Collective and Optimism Fractal. It focuses on facilitating the development and curation of educational materials that help individuals engage with the Optimism Superchain and understand the role of Optimism Fractal in building connections and providing introductory resources. Additionally, the project seeks to offer valuable information about fractal communities to enhance community engagement and education.",,,,0.10714285714285714,,,,
Create branding and educational resources for decision-making consensus games,Planning,"Community Engagement, Design, Education, Governance Research, Ideation, Marketing","This project aims to create branding and educational resources for decision-making consensus games. The goal is to gamify the consensus processes and make them more intuitive, enjoyable, and inspiring. The project will focus on developing consensus games that facilitate decision-making in development, with the aim of helping communities and organizations make the best decisions possible. The project will also involve educating the audience to understand the benefits of these games. The tasks for this project can be found https://www.notion.solink-to-tasks.",,,,0.23076923076923078,,,,
Plan 6 month anniversary event for Optimism Fractal,Planning,"Community Engagement, Ideation, Marketing","Plan a 6-month anniversary event for Optimism Fractal, focusing on community engagement, ideation, and marketing. Created by Dan Singjoy on March 27, 2024, with the last edit on April 16, 2024.",,,,1,,,,
Create seasonal structure for Optimism Fractal,Planning,"Community Engagement, Ideation, Marketing, Mechanism Design, Systems Design","This project aims to create a seasonal structure for Optimism Fractal. It involves various tasks related to community engagement, ideation, marketing, mechanism design, and systems design. The goal is to initiate seasons in Optimism Fractal, providing a framework for organizing and implementing different stages of the project. The next steps include further exploration and planning, as indicated by the tasks marked with ‣ in the project outline.",,,,0.47368421052631576,,,,
Improve Weekly Contributions Page and Workflows,Backlog,"API Integrations, Community Engagement, Education, Notion, Technical Development",This project aims to improve the Weekly Contributions Page and workflows to facilitate better visibility of everyone’s contributions during the Respect Game. The focus is on enhancing the functionality of the page and creating tasks that streamline the process for contributors.,,,,0.07692307692307693,,,,
Develop Optimism Fractal Notion Workflow Resources,Backlog,"Community Engagement, Education, Notion, Systems Design","This project aims to develop Optimism Fractal Notion Workflow Resources. It focuses on creating a page for ‣ that provides information, lessons, and resources for collaboration with Notion. The project also aims to include general introductory information and lessons as the community grows. Additionally, it explores the potential of using http://appflowy.io/, an open-source alternative to Notion, in fractal products. The related projects include an untitled database, ""How to Design Intuitive and Scalable Notion Systems: Eva's Blueprint,"" and ""Super on X"" blog post about designing efficient Notion workspaces.",,,,0.2222222222222222,,,,
Create educational resources and webpages on OptimismFractal.com,Backlog,,"This project aims to create educational resources and webpages on http://optimismfractal.com/. The goal is to coordinate a collaborative community-driven effort to provide valuable educational content about Optimism Fractal and the Respect Game. The project involves reviewing and curating existing resources, as well as creating original material, to serve as an educational guide for anyone interested in learning about these topics. The tasks included in the project focus on organizing and creating webpages and resources. The project is open to anyone who wants to contribute and learn.",,,,0.21739130434782608,,Build Optimism Fractal Education Hub (Optimism%20Fractal%20Projects%206fb468421d4b49f6adf7615ac7b1a8c2/Build%20Optimism%20Fractal%20Education%20Hub%20ce3f948a4acf47bb8b9a9b12e87d90f5.csv),,
Integrate Optimism Fractal with ENS (Ethereum Name Service),Planning,"EVM Development, Front-end Development, Technical Development, User Experience","This project aims to integrate Optimism Fractal with ENS (Ethereum Name Service). The tasks include integrating ENS with the Optimism Fractal web app, Fractalgram, a Respect scoreboard, and considering other integrations to improve the legibility and overall UX of the Respect Game. The project aims to facilitate seamless interaction between Optimism Fractal and ENS, enhancing the functionality and user experience of both platforms. The related repositories can be found on https://github.com/Optimystics. If you're not familiar with ENS, you can learn more about it at http://ens.domains/ and in the provided introductory resource.",,,,,,,,
Create educational resources about the history of Optimism Fractal,Backlog,"Community Engagement, Education, Governance Research, Notion","This project aims to create educational resources about the history of Optimism Fractal, focusing on enhancing community engagement and understanding through governance research and educational materials.",,,,0.21428571428571427,,,,
Consider Optimizations and Alternate Game Modes for the Respect Game,Backlog,"Design, Ideation, Mechanism Design, Systems Design, User Experience",No content,,,,,,,,
Integrate Optimism Fractal and the Respect Game with RetroFunding,Backlog,"Design, EVM Development, Ideation, Mechanism Design, Systems Design, Technical Development","This project aims to integrate Optimism Fractal and the Respect Game with RetroFunding, leveraging design and technical development to create a cohesive system that enhances user interaction and funding mechanisms. The integration will focus on innovative ideation and efficient systems design to maximize the project's impact.",,,,0.03571428571428571,,,,
Build Optimism Fractal Education Hub,Backlog,"Community Engagement, Education, Ideation, Marketing, Notion","This project aims to build the Optimism Fractal Education Hub. The hub will focus on community engagement, education, ideation, marketing, and utilize Notion as the platform. The goal is to create a comprehensive resource for learning and collaboration. The project tasks will be outlined in the Tasks section.",,,,0.11764705882352941,,,,
Build app component to make it easy for participants to give personal respect at the end of each game,Backlog,,"This project aims to build an app component that facilitates personal respect among participants at the end of each game. It focuses on enhancing the gaming experience by allowing players to express appreciation and respect for one another, thereby fostering a positive and supportive community.",,,,,,Build Optimism Fractal App (Optimism%20Fractal%20Projects%206fb468421d4b49f6adf7615ac7b1a8c2/Build%20Optimism%20Fractal%20App%206d7693f1bbc6437d85a0ac991a8416f1.csv),,
"Explore opportunities for collaboration and community engagement to expand our reach, educate about Optimism Fractal, and promote the Respect Game  ",Backlog,"Community Engagement, Education, Event Planning, Marketing","This project aims to explore opportunities for collaboration and community engagement to expand the reach of Optimism Fractal, educate about the Respect Game, and promote its message. The project involves tasks related to community engagement, education, event planning, and marketing. It was created by Dan Singjoy and is currently in the backlog. The project was last edited on April 18, 2024, by Dan Singjoy.

The project raises some important questions: Should there be an incentive program or hub on the Notion site to facilitate relationship building with communities? And should the term ""evangelize"" be used?

For more detailed information, please refer to the project tasks linked above.",,,,0.8333333333333334,,,,
Create Promotions for Optimism Fractal,Backlog,"Art, Community Engagement, Community Outreach, Marketing","This project aims to create promotions for Optimism Fractal. The promotions will involve art, community engagement, community outreach, and marketing. The project was created by Dan Singjoy and is currently in the backlog. The last edit was made on June 4, 2024, by Dan Singjoy. The project tasks are listed in the Tasks section.",,,,0.125,,,,
"Explore and implement subround, subfractals, targeted respect games or quests for different goals ",Backlog,,"This project aims to explore and implement subround, subfractals, targeted respect games or quests for different goals. The project is currently in the backlog and was created by Dan Singjoy. The goal is to create a system that allows for the development and implementation of subrounds and subfractals in games or quests, with a focus on targeting specific goals or objectives.",,,,,,,,
Faciliate Collaborations with DAO Spring and DAOcember,Backlog,,No content,,,,1,,,,
"Experiment with tools and growth strategies for incentivizing respect game playing ",Backlog,"Community Engagement, Community Outreach, Marketing, Systems Design, Technical Development",This project aims to experiment with tools and growth strategies for incentivizing respect in game playing. It focuses on engaging the community and implementing marketing techniques to foster a positive gaming environment while also exploring viral marketing campaigns to attract new customers.,,,,0.3333333333333333,,,,
Develop Optimism Town Hall,In progress,"Community Engagement, Education, Event Planning, Governance Research, Marketing, Product Development","This project aims to create the Optimism Town Hall, a collaborative space for structured discussions about the Optimism Collective. It is designed to replace traditional planning sessions with a more organized approach that emphasizes voting on discussion topics using Respect and facilitating impactful conversations for governance. The project is currently in progress and is being organized into multiple sub-projects to enhance its development and implementation.",Dan Singjoy,,,0.13559322033898305,,,,
Improve Processes for Impact Measurement and Evaluation in the Optimism Collective,Backlog,"Exploration, Governance Research, Ideation, Mechanism Design, Systems Design, Technical Research","This project aims to improve processes for impact measurement and evaluation within the Optimism Collective. By focusing on exploration, governance research, ideation, mechanism design, systems design, and technical research, the project seeks to enhance the effectiveness and efficiency of evaluating outcomes and measuring impacts.",,,,0.08333333333333333,,,,
Explore and Implement Incentivization Solutions to Promote the Growth of Fractals,Backlog,"API Integrations, Community Engagement, Marketing, Technical Development","This project aims to explore and implement incentivization solutions to promote the growth of fractals. The project is currently in the backlog and involves API integrations, community engagement, marketing, and technical development. It was created by Dan Singjoy on April 29, 2024, and last edited by Dan Singjoy on the same day. One of the tasks in this project is to add pages and notes from a specific source.",,,,0.25,,,,
Network and collaborate with governance enthusiasts in the Optimism Collective,Backlog,"Community Engagement, Exploration, Governance Research, Marketing","This project aims to network and collaborate with governance enthusiasts in the Optimism Collective, focusing on enhancing community engagement and conducting governance research. The project includes various tasks aimed at exploring collaborative opportunities and promoting effective governance practices within the community.",,,,0.15384615384615385,,Explore collaboration opportunities and build relationships (Optimism%20Fractal%20Projects%206fb468421d4b49f6adf7615ac7b1a8c2/Explore%20collaboration%20opportunities%20and%20build%20rela%20711dda5152134f358c11aee7d50d3995.csv),,
Curate Optimism Fractal community reading list,Backlog,"Community Engagement, Education, Ideation, Notion","This project aims to curate an Optimism Fractal community reading list. The goal is to engage the community, promote education, generate ideas, and utilize Notion as a platform for this work. The project was created by Dan Singjoy and is currently in the backlog status. The project involves tasks such as community engagement, education, and ideation. The last edit was made by Dan Singjoy on May 9, 2024. One of the tasks mentioned is the ""Evolutionary grants funding,"" which can be explored further for additional information.",,,,0.6666666666666666,,Build Optimism Fractal Education Hub (Optimism%20Fractal%20Projects%206fb468421d4b49f6adf7615ac7b1a8c2/Build%20Optimism%20Fractal%20Education%20Hub%20ce3f948a4acf47bb8b9a9b12e87d90f5.csv),,
Create Optimism Fractal Blog,Backlog,"Community Engagement, Education, Ideation, Marketing, Notion, User Experience","This project aims to create an ""Optimism Fractal Blog"" that focuses on community engagement and education. It seeks to ideate and market content that enhances user experience, fostering a collaborative environment for sharing insights and knowledge within the community.",,,,,,Improve OptimismFractal.com Website (and Create Educational Resources) (Optimism%20Fractal%20Projects%206fb468421d4b49f6adf7615ac7b1a8c2/Improve%20OptimismFractal%20com%20Website%20(and%20Create%20Ed%20b2c9b74af14043dd91d010fafddbd65e.csv),,
Explore collaborations with Green Pill Network,Backlog,"Community Engagement, Ideation, Marketing","This project aims to explore collaborations with Green Pill Network. The project involves community engagement, ideation, and marketing. The main objective is to establish a partnership and work together on various initiatives. The tasks include inviting Green Pill Network as a guest on the Greenpill Podcast and calling for proposals for their podcast guest seasons. The project was created by Dan Singjoy and is currently in the backlog.",,,,,,Explore collaboration opportunities and build relationships (Optimism%20Fractal%20Projects%206fb468421d4b49f6adf7615ac7b1a8c2/Explore%20collaboration%20opportunities%20and%20build%20rela%20711dda5152134f358c11aee7d50d3995.csv),,
Create Optimism Fractal Watch List,Backlog,"Community Engagement, Education, Notion","This project, titled ""Create Optimism Fractal Watch List,"" aims to engage the community and provide education through the use of Notion. The project focuses on creating a watch list that promotes optimism and positivity. The tasks associated with this project include community engagement, education, and utilizing Notion as a platform. The project is currently in the backlog status and was created by Dan Singjoy on May 4, 2024, at 5:09 PM. The last edit was made by Dan Singjoy on May 9, 2024, at 7:48 AM.",,,,,,Build Optimism Fractal Education Hub (Optimism%20Fractal%20Projects%206fb468421d4b49f6adf7615ac7b1a8c2/Build%20Optimism%20Fractal%20Education%20Hub%20ce3f948a4acf47bb8b9a9b12e87d90f5.csv),,
Create smooth onboarding experience for people to play the Respect Game,Backlog,"Design, EVM Development, Front-end Development, Technical Development, User Experience",This project aims to create a smooth onboarding experience for people to play the Respect Game. It focuses on designing an intuitive user interface and developing technical solutions to enhance user engagement and satisfaction during the initial interactions with the game.,,,,0.5,,Build Respect Game app (Optimism%20Fractal%20Projects%206fb468421d4b49f6adf7615ac7b1a8c2/Build%20Respect%20Game%20app%20f7d756ae47ac41d48cf90ef3ad50a6cb.csv),,
Foster collaborations and build relationships with Art and NFT communities on Optimism,Backlog,,"This project aims to foster collaborations and build relationships with the Art and NFT communities on Optimism. It is focused on engaging with artists and NFT creators to promote their work and explore opportunities for collaboration. The goal is to create a vibrant and thriving ecosystem where artists can showcase their talent and connect with a broader audience. The project tasks will involve identifying key stakeholders, organizing events and workshops, and implementing strategies to support the growth of the Art and NFT communities on Optimism.",,,,1,,,,
Interact and Build Relationships with Developers,Backlog,"Community Engagement, Developer Relations, Technical Development","This project aims to interact and build relationships with developers. The main focus is on community engagement, developer relations, and technical development. The goal is to create a strong connection with developers and foster collaboration. The project tasks will be outlined in the Tasks section.",,,,,,,,
Create Topics for Optimism Town Hall,Backlog,,"This project aims to create topics for the Optimism Town Hall, focusing on engaging discussions and proposals that will enhance the understanding and development of the Optimism Collective. It includes brainstorming ideas for future proposals, such as fractal app development and exploring RetroFunding and Round 6, while prioritizing town hall discussions and agendas first.",,,,0.2222222222222222,,Develop Optimism Town Hall (Optimism%20Fractal%20Projects%206fb468421d4b49f6adf7615ac7b1a8c2/Develop%20Optimism%20Town%20Hall%201c4442c3bbbb4b9bb506b92a6fc9cd8a.csv),,
Create Promotions for Optimism Town Hall,In progress,,"This project aims to create promotions for the Optimism Town Hall. The goal is to design and implement various promotional materials that will generate awareness, engagement, and active participation in the town hall discussions. The project tasks include Tasks.",,,,0.047619047619047616,,Develop Optimism Town Hall (Optimism%20Fractal%20Projects%206fb468421d4b49f6adf7615ac7b1a8c2/Develop%20Optimism%20Town%20Hall%201c4442c3bbbb4b9bb506b92a6fc9cd8a.csv),,
Engage with the Superchain Ecosystem,In progress,"Business Development, Collaborations, Community Engagement, Community Outreach, Developer Relations","This project aims to engage with the Superchain ecosystem by exploring ways for Optimism Fractal to provide value and attract builders. Through interactive discussions and games, the project focuses on packaging product offerings and optimizing governance to enhance collaboration, innovation, and community outreach within the Superchain.",,,,0.1111111111111111,,,,
Engage with Optimism Collective leadership,Planning,"Business Development, Community Engagement, Community Outreach, Developer Relations, Education, Marketing","This project aims to engage with the Optimism Collective leadership by focusing on business development, community engagement, and marketing initiatives. The goal is to foster connections within the Optimism community and promote its various initiatives effectively.",,,,0.36363636363636365,,,,
Interact on Optimism Fractal Discord,Backlog,,"This project aims to interact on Optimism Fractal Discord. The project tasks include:
- Task 1",,,,0.5,,,,
Research and Strategize to provide Optimism Collective with the most value possible,In progress,,"This project aims to research and strategize to provide the Optimism Collective with the most value possible. It focuses on enhancing governance through the implementation of Optimism Fractal and Town Hall, emphasizing structured dialogue, streamlined decision-making processes, and fostering community ownership. The project outlines its objectives, structure, and implementation phases to improve governance responsiveness and decision quality while facilitating Retro Funding and supporting deliberative processes and meta-governance.",,,,0.05,,Develop Optimism Town Hall (Optimism%20Fractal%20Projects%206fb468421d4b49f6adf7615ac7b1a8c2/Develop%20Optimism%20Town%20Hall%201c4442c3bbbb4b9bb506b92a6fc9cd8a.csv),,
Develop OPTOPICS Cagendas Game for Optimism Town Hall Events,In progress,"Art, Community Engagement, Design, Event Planning, Governance Research, Ideation, Product Development, Systems Design, User Experience","This project aims to develop the OPTOPICS Cagendas game for Optimism Town Hall events, enhancing community discussions through an innovative consensus game. The game facilitates the proposal, voting, and coordination of discussion topics, optimizing meeting time while empowering community control and participation. It complements the original Cagendas game mode by offering structured yet flexible conversations, ultimately creating a more efficient and enjoyable event experience.",Dan Singjoy,,,0.3793103448275862,,Develop Cagendas at Optimism Town Hall (Optimism%20Fractal%20Projects%206fb468421d4b49f6adf7615ac7b1a8c2/Develop%20Cagendas%20at%20Optimism%20Town%20Hall%2074c52c5499054d1da5ad21461e80f510.csv),,
Research and explore collaborations with Octant,Backlog,,"This project aims to research and explore collaborations with Octant. The goal is to establish partnerships and collaborative efforts with Octant to enhance the organization's capabilities and achieve mutual benefits. The project is currently in the backlog and was created by Dan Singjoy on May 20, 2024, at 8:30 PM. The last edit was made on June 4, 2024, at 12:05 PM by Dan Singjoy.",,,,,,,,
Build relationships and system to help communities who have expressed interest in implementing the Respect Game,Backlog,"Business Development, Collaborations, Community Engagement, Developer Relations","This project aims to build relationships and a system to support communities interested in implementing the Respect Game. The project focuses on business development, collaborations, community engagement, and developer relations. It was created by Dan Singjoy and is currently in the backlog.

The project tasks are as follows:

- Tasks",,,,,,,,
Refine Process for Creating Optimism Fractal Show Notes and Complementary Materials for Videos,Backlog,"Marketing, Systems Design, Video Production","This project aims to refine the process of creating show notes and complementary materials for Optimism Fractal videos. The goal is to improve the efficiency and effectiveness of creating these materials to enhance the overall viewing experience for the audience. The project will involve tasks such as reviewing and optimizing the show notes format, streamlining the production workflow, and ensuring the alignment of the materials with the video content. By implementing these refinements, the project aims to deliver high-quality and comprehensive show notes that complement the videos and provide valuable information to the viewers.",,,,0.1111111111111111,,,,
Engage in Optimism Collective Season 6,In progress,"Business Development, Collaborations, Community Engagement, Community Outreach, Education, Product Development","This project aims to engage the Optimism Fractal community in the Optimism Collective Season 6 by enhancing governance to support the Superchain’s strategic goals. It focuses on fostering collaborations between various stakeholders and providing funding opportunities for missions that benefit the Collective. Key activities include understanding the seasonal structure, participating in governance discussions, and contributing to the broader mission of optimizing human cooperation and supporting public goods.",,,,0.5185185185185185,,,,
Improve Optimism Fractal video production processes,Planning,"Art, Logistics, Systems Design, Video Production","This project aims to improve the video production processes of Optimism Fractal and explore/communicate all of the potential benefits that the Respect Game can provide in collaborative media creation. The project focuses on enhancing the tools and techniques used in video production, with the goal of revolutionizing collaborative media creation. Led by Dan Singjoy, the project aims to refine and communicate the processes involved in Optimism Fractal's video production. The team has made significant progress in this area over the past few years and continues to work on updates and improvements. By leveraging the Respect Game, Optimism Fractal provides a platform for communities to come together and create amazing media and legendary stories. Through this project, they aim to empower individuals to share their thoughts, contribute to the stage, and be part of the greatest stories ever told. For more information and to watch videos of each event, visit http://optimismfractal.com/videos.",,,,0.05555555555555555,,,,
Explore Mission Opportunities in Optimism Season 6,Backlog,,"This project aims to curate mission opportunities in Optimism Season 6, focusing on specific projects that align with the Collective’s goals. It provides various avenues for the Optimism Fractal community and other optimists to earn funding and positively impact society by pursuing these missions. The project outlines key dates, types of opportunities, and the process for proposing and completing mission requests, as well as joining the Grants Council for reviewing applications.",,,,0.6666666666666666,,Engage in Optimism Collective Season 6 (Optimism%20Fractal%20Projects%206fb468421d4b49f6adf7615ac7b1a8c2/Engage%20in%20Optimism%20Collective%20Season%206%20334742cad6a844feb30fb97da8ac8ed7.csv),,
"Build in Onchain Summer ",Backlog,Funding,"This project aims to build in Onchain Summer. It is currently in the backlog and falls under the type of work related to funding. The project was created by Dan Singjoy on June 4, 2024, at 3:07 AM and last edited by him on June 4, 2024, at 12:07 PM.",,,,,,,,
Curate resources from Optimystics Blog into Optimism Fractal website and Education Hub,Backlog,"Education, Ideation, Notion","This project aims to curate resources from the Optimystics Blog into the Optimism Fractal website and Education Hub. The goal is to make key information about Optimism Fractal more easily accessible to users. The project involves reviewing the Optimystics blog and determining the best way to make the information available in the education hub. Tasks will be created to consider moving each interesting article or relevant content from the Optimystics site to this project. The project also acknowledges the helpful information available on http://edencreators.com/garden, which can be added to the education hub as well. The project emphasizes the importance of authorship and plans to include a small spot for each article to credit the author. The project tasks will be outlined in the Tasks section.",,,,,,,,
"Define the purpose, strategy, and scope of the Optimism Fractal Education Hub",Planning,"Community Engagement, Education, Ideation, Marketing, Strategy","This project aims to define the purpose, strategy, and scope of the Optimism Fractal Education Hub. The Education Hub will provide introductory resources, personal connections, and educational guides for individuals interested in getting involved with Optimism Fractal and the wider Optimism ecosystem. The project will focus on two main questions: the balance between projects and tasks for educators versus educational resources for learners, and the focus on Optimism Fractal compared to the Optimism Collective and Superchain. The Education Hub will organize and curate educational content, create new educational resources, and play a leading role in education about the broader Collective and Superchain. The project tasks will help in achieving these goals.",,,,,,,,
Create Optimism Events Calendar,Backlog,,"This project aims to create an Optimism Events Calendar. The goal is to keep track of various events related to optimism and share them with the community. The project tasks include managing an untitled database, organizing the ""Good news onchain hosted by Rachel"" event, and coordinating the ""Good news onchain show"" event.",,,,,,,,
"Create systems, goals, and metrics to measure the success of Optimism Fractal",Backlog,,"This project aims to create systems, goals, and metrics to measure the success of Optimism Fractal. The focus is on establishing clear criteria for evaluating the effectiveness of the project and ensuring that it meets its objectives through well-defined tasks.",,,,,,,,
Define and refine Optimism Fractal's Core Intents,Backlog,,"This project aims to define and refine Optimism Fractal's Core Intents. The goal is to clearly articulate the core intentions of Optimism Fractal and ensure they are well-defined and refined. The project tasks will involve reviewing and analyzing the existing core intents, identifying any gaps or areas for improvement, and making necessary updates or additions. The project will be led by Dan Singjoy, with the status currently in the backlog.",,,,1,,,,
Develop Respect Trees,Backlog,,"This project aims to develop Respect Trees. The goal is to create a system that promotes respect and positive behavior within a community or organization. The project is currently in the backlog and was created by Dan Singjoy. The last edit was made by Dan Singjoy on June 17, 2024, at 1:15 PM.",,,,,,,,
Introduce Fractal App Discord Chat,Backlog,,"This project aims to introduce the Fractal App Discord Chat. The Fractal App Discord Chat is currently in the backlog and was created by Dan Singjoy on June 17, 2024. The project summary and specific task details are not provided in the document, so further information is needed to provide a more specific summary.",,,,,,,,
Develop Fractal App Discord Chat,Backlog,,"This project aims to develop the Fractal App Discord Chat. The goal is to create a chat application specifically for Fractal App users on the Discord platform. The project tasks include:
- Task 1
- Task 2
- Task 3",,,,,,,,
"Explore expansion of Fractals into broader EVM Ecosystem ",Backlog,,"This project aims to explore the expansion of Fractals into the broader EVM Ecosystem. It is currently in the backlog and was created by Dan Singjoy on June 17, 2024, at 6:37 PM. The project is about expanding Fractals and includes several tasks that can be found in the Tasks section.",,,,0.5,,,,
Consider reaching out to optimism marketing team or redesigning artwork for Optimism Fractal and Town Hall to be more distinguished from Optimism Collective,Backlog,,This project aims to consider reaching out to the optimism marketing team or redesigning the artwork for Optimism Fractal and Town Hall. The goal is to make them more distinguished from Optimism Collective. The project tasks are listed in the Tasks section.,,,,,,,,
Develop Fractal Office Hours Event,Backlog,,"This project aims to develop and organize Fractal Office Hours, an event focused on providing support and guidance to participants in understanding and implementing fractal geometry concepts. The event will be facilitated by Dan Singjoy and will include various tasks such as planning the event logistics, designing educational materials, and conducting interactive sessions to engage participants in exploring fractal patterns and their applications.",,,,0.75,,,,
Develop integrations with Guild.xyz,Backlog,,"This project aims to develop integrations with Guild.xyz. The project is currently in the backlog and was created by Dan Singjoy on July 5, 2024. The last edit was made by Dan Singjoy on the same day. The project tasks are outlined in the Tasks section, and further details will be provided there.",,,,,,,,
Create Optimism Fractal GPT,Backlog,,"This project aims to create Optimism Fractal GPT, a new software tool that utilizes advanced artificial intelligence algorithms to generate optimistic and uplifting text. The tool will be designed to inspire and motivate users by generating positive and encouraging content. The project is currently in the backlog and was created by Dan Singjoy. It is expected to provide a valuable resource for individuals seeking uplifting content.",,,,0.07692307692307693,,,,
Create educational resources about Respect,Backlog,,"This project aims to create educational resources about respect. The goal is to provide valuable information and materials that promote understanding and practice of respect in various contexts. The project tasks will focus on developing engaging content, designing visually appealing resources, and delivering them effectively to the target audience. By creating these resources, the project aims to contribute to fostering a culture of respect and positive interactions.",,,,1,,,,
Create educational resources about the Respect Game,Backlog,,"This project aims to create educational resources about the Respect Game. The goal is to develop materials that promote understanding and practice of respect among individuals. The project tasks will involve creating engaging content, designing interactive activities, and developing assessments to measure the impact of the resources. By completing these tasks, the project team intends to contribute to fostering respectful attitudes and behaviors in various educational settings.",,,,0.6666666666666666,,,,
Prepare for OF 34,Backlog,,"This project aims to prepare for OF 34. The tasks in this project include:
- [ ] add other tasks that need to be done here from My Tasks

The project is currently in the backlog status and was created by Dan Singjoy on July 11, 2024, at 2:42 AM. The last edit was made by Dan Singjoy on July 11, 2024, at 2:43 AM.",,,,1,,,,
Create Optimism Fractal Builders Site,Backlog,,"This project aims to create a collaborative site called ""Optimism Fractal Builders"" that showcases builders involved in Optimism Fractal events. It will feature their contributions during the Respect Game and allow them to share their work with a wider audience. The site is envisioned as a new social media network, a collaborative blog, and a directory for builders on the Superchain, representing an ongoing effort that has been in development for two years.",,,,,,,,
Improve our governance processes,Backlog,,"This project aims to improve our governance processes. It is currently in the backlog and was created by Dan Singjoy on July 23, 2024, at 12:39 PM. The project's status is still being worked on, with the last edits made by Dan Singjoy at the same time. The specific details and tasks related to this project are not provided in the document.",,,,1,,,,
Create educational resources about onchain transactions at Optimism Fractal,Backlog,,"This project aims to create educational resources about onchain transactions at Optimism Fractal. The goal is to provide informative materials that will help users understand and navigate the process of onchain transactions on the Optimism Fractal platform. The project is currently in the backlog and was created by Dan Singjoy on July 23, 2024.",,,,1,,,,
Create Educational Resources about Cagendas,Backlog,,"This project aims to create educational resources about Cagendas, focusing on developing materials that effectively explain and promote understanding of this topic. The goal is to enhance awareness and knowledge through well-structured resources.",,,,0.3333333333333333,,,,
Create educational resources about fractalgram,Backlog,,"This project aims to create educational resources about Fractalgram. The goal is to develop materials that provide a comprehensive understanding of Fractalgram, including its concepts, applications, and techniques. The resources will cover various aspects of Fractalgram, such as its history, mathematical principles, and real-world examples. The project will also involve creating interactive exercises and visualizations to enhance the learning experience. Overall, the project aims to educate and engage learners in exploring the fascinating world of Fractalgram.",,,,,,,,
Develop checklist for hosting fractal events,Backlog,,This project aims to develop a checklist for hosting fractal events. The checklist will cover various tasks and considerations necessary for successfully organizing and executing such events. The project was created by Dan Singjoy and is currently in the backlog. The project's tasks can be found in the Tasks section.,,,,,,,,
Increase Distribution for Optimism Fractal Videos and Promotions,Backlog,,"This project aims to increase the distribution of Optimism Fractal videos and promotions. By focusing on effective outreach and marketing strategies, the goal is to enhance visibility and engagement with the content, ultimately driving greater interest and participation in the Optimism Fractal community.",,,,,,,,
Increase Distribution for Optimism Fractal Videos and Promotions,Backlog,,"This project aims to increase the distribution of Optimism Fractal videos and promotions, ensuring that the content reaches a wider audience. The focus will be on developing effective strategies and executing tasks that facilitate better visibility and engagement with the target audience.",,,,,,,,
Curate Educational Resources about Optimism Grants Council,Backlog,,"This project aims to curate educational resources related to the Optimism Grants Council, focusing on gathering and organizing materials that will enhance understanding and support for the council's initiatives.",,,,,,,,
Integrate Optimism Fractal into the Optimism Collective,Backlog,,"This project aims to integrate Optimism Fractal into the Optimism Collective, enhancing the effectiveness of contributors and enabling support for additional fractal communities. The focus includes establishing fund distribution mechanisms to facilitate this integration and maximize impact.",,,,0.14285714285714285,,,,
Explore collaborations with Gitcoin,Backlog,,"This project aims to explore collaborations with Gitcoin. The goal is to identify potential opportunities for collaboration and partnership with Gitcoin, a platform that connects developers and funders for open-source projects. The project is currently in the backlog and was created by Dan Singjoy. The last edit was made by Dan Singjoy on July 29, 2024, at 1:24 PM.",,,,0.16666666666666666,,,,
Implement onchain Optimism Fractal participant/contributor agreement,Planning,,"This project aims to implement an onchain participant/contributor agreement for the Optimism Fractal project. The agreement will define the terms and conditions for community members to participate, ensuring clarity and understanding among contributors. The project is currently in the planning stage, with a focus on technical implementation through Hats Protocol and prior research on community agreements.",,,,,,,,
Help the Optimism Collective with Deliberative Processes and Impact Juries,Backlog,,This project aims to assist the Optimism Collective in implementing deliberative processes and forming impact juries that can effectively evaluate and influence decision-making within the organization.,,,,,,,,
Prepare for Optimism Fractal 37,Backlog,,This project aims to prepare for Optimism Fractal 37 by organizing communication and tasks that may include posting updates on the EOS Telegram and other related activities. The goal is to ensure all necessary information is disseminated effectively as the event approaches.,,,,0.8333333333333334,,,,
Curate Educational Resources and Tools for Developing on the Superchain,Backlog,,"This project aims to curate educational resources and tools that facilitate development on the Superchain. By gathering and organizing relevant materials, the project seeks to enhance learning and improve the capabilities of developers working within this framework.",,,,,,,,
Improve Luma Events Pages and Calendar,Backlog,,"This project aims to improve the Luma Events pages and calendar, enhancing user experience and functionality to better serve the needs of event attendees and organizers.",,,,,,,,
Curate and Create educational resources about fractal democracy,In progress,,"This project aims to curate and create educational resources about fractal democracy, focusing on enhancing the understanding and application of this concept through various materials and activities.",,,,,,,,
Prepare for OF 38,Backlog,,"This project aims to prepare for OF 38, focusing on organizing and planning the necessary tasks to ensure a successful outcome. The team will assess the requirements and develop strategies to address them effectively.",,,,1,,,,
Prepare for OF 39,Backlog,,"This project aims to prepare for OF 39, focusing on organizing tasks and addressing any necessary requirements to ensure a smooth execution. The project is currently in the backlog stage, indicating that it is awaiting prioritization and action.",,,,1,,,,
Prepare for OF 40,Backlog,,"This project aims to prepare for OF 40, focusing on organizing and addressing the necessary tasks to ensure a successful outcome. The project is currently in the backlog stage, indicating that planning and prioritization of tasks are still underway.",,,,1,,,,
Explore opportunities for offering consensus as a public service with Optimism Fractal,Backlog,,This project aims to explore opportunities for offering consensus as a public service through the collaboration with Optimism Fractal. The focus will be on identifying mechanisms and frameworks that can facilitate community engagement and decision-making processes.,,,,,,,,
Prepare for OF 42,Backlog,,"This project aims to prepare for OF 42 by outlining necessary tasks and organizing resources to ensure a successful outcome. The focus will be on identifying key objectives, managing timelines, and coordinating efforts among team members.",,,,1,,,,
Create KPIs and Metrics Dashboard to Measure Optimism Fractal's Growth,Backlog,,This project aims to create a KPIs and Metrics Dashboard to measure the growth of Optimism Fractal. The dashboard will help track key performance indicators and metrics essential for understanding and analyzing the project's progress and impact.,,,,,,,,
Prepare for Optimism Fractal 44,Backlog,,"This project aims to prepare for Optimism Fractal 44, focusing on organizing tasks and resources necessary to ensure a successful event. The status is currently in the backlog phase, indicating that planning and prioritization are still underway.",,,,0.6,,,,