﻿Name,Answer,Tags,Status,Summary,URL
What is the contract address for the fractal token?,,,Not started,"The contract address for the fractal token can be found on the blockscout block explorer, specifically at the optimism account and OPF token links provided. The etherscan link also leads to the contract but requires an additional click. Additionally, the document mentions Tadas' ORDAO deployment on the Sepolia testnet and provides links for further context and instructions for testing the ORDAO mainnet version.",
How can i keep up to date with proposals?,,,Not started,"To stay updated with proposals, join Snapshot Spaces and configure email reminders through Snapshot. This allows you to receive important information even if you don't frequently check Discord. Watch the https://youtu.be/F9nwIxjoIts?si=ZrETn0PjMt0SFiEK&t=4049 for more details on email reminders and joining Snapshot Spaces.",
How to run the Fractalgram app?,,,Not started,"To run the Fractalgram app, you can read the introductory blog post and watch a demonstration video. The app can be accessed at https://fractgram.web.app/. It also integrates with the Optimism Fractal web app. More information about Fractalgram's history can be found in an article. The setup process is explained in a short article as well.",
What is Optimism Fractal?,,,Not started,No content,
What is the history and origin of Fractals?,,,Not started,"To learn about the history and origin of fractals, you can watch a presentation during the Optimism Fractal 26th event or read articles on the history of fractals and the roots of Optimism Fractal. There are also related tasks and projects that provide more information on the history behind Optimism Fractal.",
What is the Respect Game and game rules?,,,Not started,No content,
Where is the zoom room?,,,Not started,,
What events can I join?,,,Not started,,
How can I build with Optimism Fractal?,"See the Development Hub (Optimism%20Fractal%20e5110efeeb9e49a397ab20a9d9c6b571/Optimism%20Fractal%20Resources%2054045345f5c748b2b6c7fcba5e8b274b/Development%20Hub%20b4df0dfa78144997922bed973cee26f9.md) ",,Not started,,
"Can i join Optimism Fractal even if I’m not contributing to Optimism? ","Yes absolutely, you can join the call even if you don’t have updates and you’re always welcome to join. Just participating in the call is a contribution to Optimism in itself and you can earn Respect each week by helping to create a positive atmosphere and playing a role in ranking the contributions of others. It’s also good to keep in mind that contributions to the wider Ethereum, Superchain, and Optimism’s https://www.optimism.io/vision of creating a better internet are also very welcome and worthy of Respect, so feel free to share any of your work that isn’t specifically on Optimism but generally aligned with it’s goals.",,Not started,,
How can I earn funding by helping Optimism Fractal?,,,Not started,,
How can I get involved and contribute to Optimism Fractal?,,,Not started,,
Why am I getting an error while trying to submit consensus?,"See Tips for dealing with errors while using Fractalgram (Optimism%20Fractal%20e5110efeeb9e49a397ab20a9d9c6b571/Optimism%20Fractal%20Resources%2054045345f5c748b2b6c7fcba5e8b274b/Fractalgram%203d7832cdb4254335aba4d079470986dc/Tips%20for%20dealing%20with%20errors%20while%20using%20Fractalgr%20643b870d5f5045d9961b688063acedb3.md) ",,Not started,,
What are RetroPitches?,,,Not started,,
What are OPF Trees?,,,Not started,,
"What is a blockchain? Onchain Clarity Co. | Blockchains are MMODBs. Also add Balaji article and community computer notes ",,,Not started,No content,https://paragraph.xyz/@occ.eth/blockchains_are_mmodbs
Add to OF FAQ,,,Inbox,"To contribute to optimism and earn more respect, visit http://optimismfractal.com/contribute and http://contribute.optimism.io/. Be creative and contribute in any way you see fit, as your ideas and actions will be reviewed by peers.",