﻿Name,Created,Description,Featured as Hubs?,Featured on Homepage?,Tags,URL
Education Hub,"April 6, 2024 8:41 PM",A collaborative space for anyone interested in learning or teaching about Optimism Fractal.,Yes,Yes,,
Development Hub,"March 27, 2024 3:43 PM",A collaborative space for developers who are interested in building with Optimism Fractal.,Yes,Yes,,
Weekly Contributions,"January 24, 2024 12:56 PM",,No,No,,
Optimism Fractal Feedback,"December 4, 2023 9:36 PM",,No,No,,
Retrospectives,"January 8, 2024 1:57 PM",,No,No,,
"Optimism Fractal FAQ (Optimism%20Fractal%20e5110efeeb9e49a397ab20a9d9c6b571/Optimism%20Fractal%20FAQ%201ce16d6520064186b40f6ad1f211c5f3.md) ","April 6, 2024 8:59 PM",,No,No,,
OptimismFractal.com,"April 15, 2024 11:57 AM",,No,No,,https://optimismfractal.com
Weekly Event Page,"April 15, 2024 11:58 AM",,No,No,,lu.ma/optimismfractal
Optimystics Website,"April 15, 2024 11:59 AM",,No,No,,
http://OptimismFractal.com/media,"April 6, 2024 10:31 PM",,No,No,,
"http://Optimism.io ","April 6, 2024 9:08 PM",,No,No,,
https://optimystics.io/respectgame,"March 28, 2024 11:44 AM",,No,No,,
https://discord.gg/dJgrP8ekYC,"January 13, 2024 5:24 PM",,No,No,,
https://optimismfractal.com/details,"January 13, 2024 5:24 PM",,No,No,,
Funding Opportunities,"April 15, 2024 2:43 PM",,No,No,,
Contribute,"April 16, 2024 4:39 AM",,No,No,,
Learn,"April 16, 2024 4:40 AM",,No,No,,
Communication Channels,"April 16, 2024 4:44 AM",,No,No,,
Events Calendar,"June 4, 2024 8:18 AM",,No,No,,
Optimism Collective Resources,"April 8, 2024 9:32 AM",,No,No,,
OF Notion Workflow Resources,"April 1, 2024 4:00 PM",,No,No,,
Communities,"March 27, 2024 5:40 AM",,No,No,,
Fractalgram,"January 22, 2024 3:27 PM",,No,No,,
Builder Profiles,"August 6, 2024 10:12 PM",,No,No,,