﻿Name,Tags,Upvote Topic?,Upvotes,Upvoters,URL
"OPF Tree V1.1. (Optimism%20Fractal%20e5110efeeb9e49a397ab20a9d9c6b571/Optimism%20Fractal%20Tasks%20baad78e0bc5a4e9da2cd5e514956160b/Develop%20OPF%20Tree%20V1%20and%20V1%201%2074f99e1fb0d341499816c3e8ddb38669/OPF%20Tree%20V1%201%202af841e0096d4493b33695a2d1b9f04b.md) ",Discussed,,4,"Tadas Vaitiekunas, Rosmari, Hodlon, Dan Singjoy",
Optimism Fractal Vision,Discussed,,2,"Hodlon, Dan Singjoy",
"Explore and Create Integrations between Farcaster and Optimism Fractal (Optimism%20Fractal%20e5110efeeb9e49a397ab20a9d9c6b571/Optimism%20Fractal%20Projects%206fb468421d4b49f6adf7615ac7b1a8c2/Explore%20and%20Create%20Integrations%20between%20Farcaster%20%206d0a962a29a74d0e81ac169464abe21d.md) ",,,2,"Rosmari, Dan Singjoy",
Exploring Optimism Town Hall and Cagendas,,,0,,
Referral System for Respect,,,0,,
"Create System for Recording and Publishing videos of breakout groups (Optimism%20Fractal%20e5110efeeb9e49a397ab20a9d9c6b571/Optimism%20Fractal%20Projects%206fb468421d4b49f6adf7615ac7b1a8c2/Create%20System%20for%20Recording%20and%20Publishing%20videos%20%20cd0e4f5b11f94662867b711f1592f66c.md) ",,,0,,
Sybil Protection for Optimism Fractal,,,0,,
"Design Cagendas at Optimism Fractal (https://www.notion.so/Design-Cagendas-at-Optimism-Fractal-3e9f883f2ac740d5a2ac11e50f6616ef?pvs=21) ",,,0,,
OP Stack Tooling,Development,,0,,
Optimism Fractal Seasons,,,0,,