﻿Name,Tags
🌻 Optimism Fractal Discussion,
Soneium Sony Superchain,
The SUNNYs Awards,
🛠️ 👷🏽‍♀️Optimism Fractal Builder Profiles,
🌐 Fractal Social Media,
🎥 Optimism Fractal Videos,
❓Questions and Answers Game,
🧢 Optimism Fractal and the Hats Protocol Hatathon,
👁️ Optimism Collective Identity,
🔴 Optimism Collective Governance,
🌞 RetroFunding Round 6,
🔴 Optimism Missions Updates,
👨🏽‍💻 Optimism Fractal Software Development Updates,
"OPTOPICS Proposal, October 7th Version",